,params,train_recall,train_f1,val_recall,val_f1
2,"{'C': 1, 'class_weight': 'balanced', 'penalty': 'l1'}",0.8048830594184576,0.19279645249830418,0.7586206896551724,0.18374889098420094
3,"{'C': 1, 'class_weight': 'balanced', 'penalty': 'l2'}",0.8031131479140328,0.19269492553883794,0.7586206896551724,0.18374889098420094
1,"{'C': 0.1, 'class_weight': 'balanced', 'penalty': 'l2'}",0.806668773704172,0.19144167189431097,0.7586206896551724,0.18275264946895625
0,"{'C': 0.1, 'class_weight': 'balanced', 'penalty': 'l1'}",0.8084544879898863,0.19109839515507643,0.7517241379310345,0.17904133490318636
